{"name":"Ground_Plant_02_33","properties":{"name":"Ground_Plant_02_33","positionsPerSubMesh":[[[-0.12533067166805268,-0.15765535831451417,0.2886738181114197],[0.12579499185085298,0.15660187602043153,-0.2890450358390808],[-0.24905669689178468,1.006896734237671,0.010540931485593319],[-0.5001823902130127,0.6926394701004028,0.588259756565094],[-0.6106250882148743,-0.013323028571903706,0.1859252005815506],[0.09335003793239594,-0.013323025777935982,0.1859252154827118],[0.09335003048181534,0.9630308747291565,0.18592523038387299],[-0.6106249690055847,0.9630308747291565,0.1859252154827118],[0.004341255407780409,-0.05816539749503136,0.17953434586524964],[-0.22421130537986756,0.05400052294135094,0.18573778867721559],[0.2682916522026062,0.615980327129364,0.11218029260635376],[0.49684423208236697,0.5038143396377564,0.10597684234380722]]],"uv0sPerSubMesh":[[[0.51171875,0.12548828125],[0.4423828125,0.12548828125],[0.4423828125,0.23828125],[0.51171875,0.23828125],[0.4423828125,0.12548828125],[0.51171875,0.12548828125],[0.51171875,0.23828125],[0.4423828125,0.23828125],[0.51318359375,0.12548828125],[0.55712890625,0.12548828125],[0.55712890625,0.2158203125],[0.51318359375,0.2158203125]]],"normalPerSubMesh":[[[0.8555477261543274,0.20108839869499207,0.47707608342170718],[0.8555477857589722,0.20108872652053834,0.47707584500312807],[0.8555713295936585,0.20106010138988496,0.4770454168319702],[0.8555477261543274,0.20108836889266969,0.47707608342170718],[-0.0039324043318629269,-0.003931802697479725,0.9999845623970032],[-0.003932215739041567,-0.003931948449462652,0.9999845623970032],[-0.003932215739041567,-0.003932013642042875,0.9999845623970032],[-0.0039320276118814949,-0.003932244144380093,0.9999845623970032],[-0.0662892609834671,-0.08187738060951233,-0.9944354295730591],[-0.06628935039043427,-0.08187732100486756,-0.9944354295730591],[-0.06628929823637009,-0.08187742531299591,-0.9944354295730591],[-0.06628959625959397,-0.08187731355428696,-0.9944353699684143]]],"tangentsPerSubMesh":[[[-0.35377705097198489,-0.44571319222450259,0.8223025798797607],[-0.3537767231464386,-0.4457131028175354,0.8223027586936951],[-0.3537590503692627,-0.44570910930633547,0.8223125338554382],[-0.35377705097198489,-0.44571322202682497,0.8223025798797607],[0.9999922513961792,-0.00001545975828776136,0.0039323740638792519],[0.9999922513961792,-0.00001545789564261213,0.003932185471057892],[0.9999922513961792,-0.00001545984559925273,0.003932185471057892],[0.9999922513961792,-0.000015461706425412559,0.0039319973438978199],[-0.8975048065185547,0.4403744339942932,0.0235693771392107],[-0.8975048065185547,0.44037437438964846,0.023569492623209955],[-0.8975048065185547,0.4403744339942932,0.023569392040371896],[-0.8975047469139099,0.44037455320358279,0.023569699376821519]]],"binormalsPerSubMesh":[[[-0.3779945969581604,0.8722976446151733,0.3101884424686432],[-0.3779947757720947,0.8722976446151733,0.310188353061676],[-0.3779577612876892,0.8723062872886658,0.31020912528038027],[-0.3779945969581604,0.8722976446151733,0.3101884722709656],[-1.7998940116115137e-9,0.9999922513961792,0.0039318329654634],[-3.4932583492519599e-9,0.9999922513961792,0.003931978717446327],[-1.7998996737489393e-9,0.9999922513961792,0.00393204391002655],[-1.0654538362686594e-10,0.9999922513961792,0.003932274412363768],[0.43599414825439455,0.894072949886322,-0.10267743468284607],[0.43599408864974978,0.8940730094909668,-0.10267741978168488],[0.43599414825439455,0.894072949886322,-0.10267749428749085],[0.4359942078590393,0.8940728902816773,-0.10267753154039383]]],"vertexColorsPerSubMesh":[[[0.0,0.0,0.0,1.0],[0.0,0.0,0.0,1.0],[0.3921568691730499,0.3921568691730499,0.3921568691730499,1.0],[0.45490196347236636,0.45490196347236636,0.45490196347236636,1.0],[0.0,0.0,0.0,1.0],[0.0,0.0,0.0,1.0],[1.0,1.0,1.0,1.0],[1.0,1.0,1.0,1.0],[0.0,0.0,0.0,1.0],[0.0,0.0,0.0,1.0],[0.6980392336845398,0.6980392336845398,0.6980392336845398,1.0],[0.8235294222831726,0.8235294222831726,0.8235294222831726,1.0]]],"indicesPerSubMesh":[[0,1,2,2,3,0,4,5,6,6,7,4,8,9,10,10,11,8]],"materialNamesPerSubMesh":["Tree_Atlas_01"]}}