{"name":"sea_plane","properties":{"name":"sea_plane","positionsPerSubMesh":[[[1.0,-1.6292068494294654e-7,-1.0],[-1.0,-1.6292068494294654e-7,-1.0],[-1.0,1.6292068494294654e-7,1.0],[1.0,1.6292068494294654e-7,1.0]]],"uv0sPerSubMesh":[[[0.9999000430107117,0.9999000430107117],[0.00009998001041822135,0.9999000430107117],[0.00010003960051108152,0.00009998001041822135],[0.9999000430107117,0.00009998001041822135]]],"normalPerSubMesh":[[[0.0,1.0,-1.6292068494294654e-7],[0.0,1.0,-1.6292068494294654e-7],[0.0,1.0,-1.6292068494294654e-7],[0.0,1.0,-1.6292068494294654e-7]]],"tangentsPerSubMesh":[[[1.0,0.0,0.0],[1.0,0.0,0.0],[1.0,0.0,0.0],[1.0,0.0,0.0]]],"binormalsPerSubMesh":[[[0.0,-1.6292068494294654e-7,-1.0],[0.0,-1.6292068494294654e-7,-1.0],[0.0,-1.6292068494294654e-7,-1.0],[0.0,-1.6292068494294654e-7,-1.0]]],"vertexColorsPerSubMesh":[[[1.0,1.0,1.0,1.0],[1.0,1.0,1.0,1.0],[1.0,1.0,1.0,1.0],[1.0,1.0,1.0,1.0]]],"indicesPerSubMesh":[[0,1,2,0,2,3]],"materialNamesPerSubMesh":["sea"]}}