{
    "name": "Foggy",
    "properties": {
        "name": "Foggy",
        "scattering": 0.10000000149011612,
        "mainLightIntensity": 10.0,
        "mainLightTemperature": 2200.0,
        "mainLightOrientation": [
            -0.12940950691699983,
            0.8365163207054138,
            0.2241438776254654,
            0.48296287655830386
        ],
        "mainLightColor": [
            1.0,
            1.0,
            1.0
        ],
        "ambientFactor": 1.0,
        "dayNightFactor": 1.0
    }
}