{
    "name": "Town",
    "properties": {
        "name": "Town",
        "scatteringDayNight": [
            0.0005000000237487257,
            0.00800000037997961
        ],
        "sunOrientation": [
            0.0,
            0.0,
            0.0,
            1.0
        ],
        "dayNightFactor": 1.0,
        "skyLightIntensity": 0.05000000074505806,
        "skyTurbidity": 2.0,
        "skyAlbedo": 0.0,
        "sunIntensity": 10.0,
        "dofStartDistance": 100.0
    }
}