{
    "name": "Town",
    "properties": {
        "name": "Town",
        "scattering": 0.20000000298023225,
        "mainLightIntensity": 0.20000000298023225,
        "mainLightTemperature": 6500.0,
        "mainLightOrientation": [
            -0.12940950691699983,
            0.8365163207054138,
            0.2241438776254654,
            0.48296287655830386
        ],
        "mainLightColor": [
            1.0,
            1.0,
            1.0
        ],
        "ambientFactor": 1.0,
        "dayNightFactor": 0.05000000074505806
    }
}